train_mse,test_mse
8.603893220424652100e-02,8.884832262992858887e-02
